7.778624719902403228e+00,1.891332240289574074e+01,1.574708104658584240e-01,1.189583490965093304e+01,5.571991706532961608e-01
7.506583754829804001e+00,1.891332240289574074e+01,1.574708104658584240e-01,6.086776443265485881e+01,3.705635713433966250e-02
7.574754889564564664e+00,1.891332240289574074e+01,1.574708104658584240e-01,1.241916589456427857e+02,1.799409200595708247e-01
9.228508860309206696e+00,1.891332240289574074e+01,1.574708104658584240e-01,4.662680889644298787e+01,8.371782312441803597e+00
7.186020457006619289e+00,1.891332240289574074e+01,1.574708104658584240e-01,8.893456785994595748e+02,2.121448004591867942e-02
7.395855803458107225e+00,1.891332240289574074e+01,1.574708104658584240e-01,1.926391773125407383e+02,4.175128017060476815e-02
7.753056106953622795e+00,1.891332240289574074e+01,1.574708104658584240e-01,1.356624933420393653e+01,6.452524631421636958e-02
7.360872453608896748e+00,1.891332240289574074e+01,1.574708104658584240e-01,6.744190645852023636e+02,1.334978465757758193e-01
7.643887192567433431e+00,1.891332240289574074e+01,1.574708104658584240e-01,7.286530760032932541e+00,7.317959941640337362e-01
7.896350388727339187e+00,1.891332240289574074e+01,1.574708104658584240e-01,5.665803453782528365e+00,1.232160966780208450e-01
1.570109340964654052e+02,1.891332240289574074e+01,1.574708104658584240e-01,8.854295266545443965e+00,2.620334222201937013e+00
7.879962534597980017e+00,1.891332240289574074e+01,1.574708104658584240e-01,3.639295460752538069e+00,2.974824382857643723e-01
7.895304731779242857e+00,1.891332240289574074e+01,1.574708104658584240e-01,1.016184578744073974e+01,1.286663826473721621e-02
7.667899554573081033e+00,1.891332240289574074e+01,1.574708104658584240e-01,2.165192758377529891e+00,4.352266704331554936e-01
7.735940489850009705e+00,1.891332240289574074e+01,1.574708104658584240e-01,1.521307156283989137e+01,6.578331576247924140e-02
8.350763458743255541e+00,1.891332240289574074e+01,1.574708104658584240e-01,2.324069414471965445e+02,3.611594551427582900e+00
7.412239315350896085e+00,1.891332240289574074e+01,1.574708104658584240e-01,2.036819865517246626e+02,7.240044484955807103e-02
7.430196864477393248e+00,1.891332240289574074e+01,1.574708104658584240e-01,1.255169219866095975e+00,1.726028175543111720e-01
7.769133665101310093e+00,1.891332240289574074e+01,1.574708104658584240e-01,5.354958069385472754e+02,5.414162565231752655e-01
7.978822666774163075e+00,1.891332240289574074e+01,1.574708104658584240e-01,9.970371660907835221e+00,4.076577906174940757e-01
8.389485830830050617e+00,1.891332240289574074e+01,1.574708104658584240e-01,2.295319595794228178e+02,2.203946083459507932e+01
8.006420025934108509e+00,1.891332240289574074e+01,1.574708104658584240e-01,5.127116236339702482e+02,5.813781962669080094e-01
8.566706527052751596e+00,1.891332240289574074e+01,1.574708104658584240e-01,9.374468658514673507e+02,7.070466173608986082e+01
7.496776480231884143e+00,1.891332240289574074e+01,1.574708104658584240e-01,6.856497897926625740e+01,4.813698884455880345e-02
8.894377048056869128e+00,1.891332240289574074e+01,1.574708104658584240e-01,1.230625055738586155e+02,5.027819173946943998e+00
7.720001660578526881e+00,1.891332240289574074e+01,1.574708104658584240e-01,3.426213165324056718e+02,3.807785459650876447e+01
8.199806760590501398e+00,1.891332240289574074e+01,1.574708104658584240e-01,8.299637221230848638e+01,9.761272005587223743e-01
8.384529809919953891e+00,1.891332240289574074e+01,1.574708104658584240e-01,1.197762800741417522e+02,3.006043932423190235e+00
7.789238803037951797e+00,1.891332240289574074e+01,1.574708104658584240e-01,1.230980573703202552e+01,2.012427885009202833e-01
7.838747448805008844e+00,1.891332240289574074e+01,1.574708104658584240e-01,7.378877518692821269e-01,2.495586356973687747e-02
7.620908088212662079e+00,1.891332240289574074e+01,1.574708104658584240e-01,3.926930151457760587e+01,1.350057944258866438e-01
7.610529968164648551e+00,1.891332240289574074e+01,1.574708104658584240e-01,8.035963193997588405e+00,4.908389941200267392e-01
1.419297399477939337e+01,1.891332240289574074e+01,1.574708104658584240e-01,8.841976978270704279e+00,2.259412797218879110e+00
9.307524409229307238e+00,1.891332240289574074e+01,1.574708104658584240e-01,3.093096631990442269e+00,9.108778533713530745e-01
6.830515102286605966e+00,1.891332240289574074e+01,1.574708104658584240e-01,9.572651998312800288e+02,5.242125117105791077e+01
7.715548054426561997e+00,1.891332240289574074e+01,1.574708104658584240e-01,8.557430270253284732e+01,2.960401259907666782e-01
7.851443069645966943e+00,1.891332240289574074e+01,1.574708104658584240e-01,8.411443449376053039e+00,5.597967475238595225e-02
7.078737313549396504e+00,1.891332240289574074e+01,1.574708104658584240e-01,3.425468643309008243e+00,4.865024354486514047e-01
5.423056291392801359e+04,1.891332240289574074e+01,1.574708104658584240e-01,1.552757168983871168e+02,4.535605365263271693e+01
3.256618486303359816e+01,1.891332240289574074e+01,1.574708104658584240e-01,1.426113458763933011e+02,2.949224812035419419e+01
7.666290449866192347e+00,1.891332240289574074e+01,1.574708104658584240e-01,2.307265322648558197e+02,3.429366726152095479e-01
7.436269494523035206e+00,1.891332240289574074e+01,1.574708104658584240e-01,2.738402311869189703e+02,3.212058215684824347e+01
7.746170764765909489e+00,1.891332240289574074e+01,1.574708104658584240e-01,1.737184640511872402e+01,2.319975969263219917e-01
9.998106800916026771e+00,1.891332240289574074e+01,1.574708104658584240e-01,1.834968134997892832e+02,3.192418611827617170e+01
9.203770992048351474e+00,1.891332240289574074e+01,1.574708104658584240e-01,4.639587138522225729e+01,3.880926700707216348e+00
7.937790005213962274e+00,1.891332240289574074e+01,1.574708104658584240e-01,2.613021511644699402e+01,4.393739237832705591e-01
1.356865836132579695e+01,1.891332240289574074e+01,1.574708104658584240e-01,7.698743602586672807e+01,1.485112675690721851e+01
7.456660609500765702e+00,1.891332240289574074e+01,1.574708104658584240e-01,4.170503835111733224e+02,2.436351813413865752e+00
7.042996336208284802e+00,1.891332240289574074e+01,1.574708104658584240e-01,2.609369457759754027e+02,1.551197693595544358e+01
7.677083613665234729e+00,1.891332240289574074e+01,1.574708104658584240e-01,2.601616869817693711e+01,1.082075337778811153e-01
4.655397228774261748e+03,3.391186561150860701e-01,3.239070564728624424e-02,1.593044984294527353e+02,9.002728843314786289e+00
4.006316682801316895e+12,3.391186561150860701e-01,3.239070564728624424e-02,4.541266235129072015e+02,9.156022657159284961e+01
8.661957265460152655e+00,3.391186561150860701e-01,3.239070564728624424e-02,7.059872923904628124e+02,2.289087528385156389e+00
2.388137468668641988e+06,3.391186561150860701e-01,3.239070564728624424e-02,5.241127469387213722e+01,4.246589215733355793e+00
1.105496395252742195e+10,3.391186561150860701e-01,3.239070564728624424e-02,5.517783080556480400e+02,6.575307964692669316e+01
1.391227092788173218e+11,3.391186561150860701e-01,3.239070564728624424e-02,9.022876416791378062e+01,1.334596119382702462e+01
3.935534034497788281e+13,3.391186561150860701e-01,3.239070564728624424e-02,1.776770419487172887e+02,4.937018855751505697e+01
3.999064195018565078e+04,3.391186561150860701e-01,3.239070564728624424e-02,6.914498350849424213e+00,2.210056773110611467e-02
1.074959182353360632e+01,3.391186561150860701e-01,3.239070564728624424e-02,3.235490897011140277e+01,7.214264620491507574e-02
1.137503885866668701e+10,3.391186561150860701e-01,3.239070564728624424e-02,7.616399362858254563e+02,9.074924397786446661e+01
9.594738656777920482e+00,3.391186561150860701e-01,3.239070564728624424e-02,7.442473767859311806e+01,5.509128915337044297e-02
8.398681474198149033e+00,3.391186561150860701e-01,3.239070564728624424e-02,3.821121315497902060e+02,2.471174581500941783e-02
3.418593671759618359e+13,3.391186561150860701e-01,3.239070564728624424e-02,8.473059799440585493e+01,2.324529861762784932e+01
9.353619818645498185e+00,3.391186561150860701e-01,3.239070564728624424e-02,1.197158495977426327e+02,1.662348449482980647e-02
2.244632685281845141e+01,3.391186561150860701e-01,3.239070564728624424e-02,8.789791720072054559e+00,4.695442405860251189e-01
8.051524704953751055e+00,3.391186561150860701e-01,3.239070564728624424e-02,8.666690923065463039e+02,1.567083159825416905e+00
2.263355999924204752e+03,3.391186561150860701e-01,3.239070564728624424e-02,7.077582420753957493e+00,1.163356532598863735e-01
9.726426625081801414e+08,3.391186561150860701e-01,3.239070564728624424e-02,6.934024093198503351e+02,6.960438922215504931e+01
1.016925038743307861e+12,3.391186561150860701e-01,3.239070564728624424e-02,3.712192679416456365e+00,7.508247210696735729e-01
8.519624479220338387e+00,3.391186561150860701e-01,3.239070564728624424e-02,5.137923629553584988e+02,5.870261641444605161e-01
8.561066741538986946e+00,3.391186561150860701e-01,3.239070564728624424e-02,2.842840574975322738e+02,1.311837301660842559e-01
3.743895058378481445e+12,3.391186561150860701e-01,3.239070564728624424e-02,2.608506309394657023e+02,5.237099700561238080e+01
8.108138994515371678e+00,3.391186561150860701e-01,3.239070564728624424e-02,7.242979923763743955e+02,1.295513855239265391e-02
8.482221430005107976e+00,3.391186561150860701e-01,3.239070564728624424e-02,3.309127934093907584e+02,1.137039101968897181e-01
9.639955096343081564e+00,3.391186561150860701e-01,3.239070564728624424e-02,9.792777192963666266e+01,1.614646024706952246e-02
8.516973584725390012e+00,3.391186561150860701e-01,3.239070564728624424e-02,6.705860574320989826e+02,1.042380723061893999e+00
9.517047876043459473e+11,3.391186561150860701e-01,3.239070564728624424e-02,4.485030828660508178e+02,7.777933976405434180e+01
1.397631565394679143e+01,3.391186561150860701e-01,3.239070564728624424e-02,2.307495952734975830e+01,1.942396308347192971e-02
8.007798235695210209e+00,3.391186561150860701e-01,3.239070564728624424e-02,9.141461187022622426e+02,1.672875422985987015e+00
1.399073646291968487e+01,3.391186561150860701e-01,3.239070564728624424e-02,1.156124038835935686e+01,5.725400851264180746e-01
1.708430457184776172e+13,3.391186561150860701e-01,3.239070564728624424e-02,3.932137087941248410e+01,9.856256108946984895e+00
1.276452878179625294e+01,3.391186561150860701e-01,3.239070564728624424e-02,4.553984349968304741e+02,1.349843282892213914e+01
8.126458784320487183e+00,3.391186561150860701e-01,3.239070564728624424e-02,7.043420272221668483e+02,2.695476793330349105e-02
3.885906818035491705e+08,3.391186561150860701e-01,3.239070564728624424e-02,3.289306093538648952e+02,3.152194535689016419e+01
9.688472304742607122e+00,3.391186561150860701e-01,3.239070564728624424e-02,4.794273952976067932e+01,1.318677483507337544e-01
8.189174844069874837e+00,3.391186561150860701e-01,3.239070564728624424e-02,8.018271469897858879e+02,1.953787787464895398e-01
1.663721161267468929e+08,3.391186561150860701e-01,3.239070564728624424e-02,5.803792100930236302e+02,5.262506513138323783e+01
1.255934937351063851e+01,3.391186561150860701e-01,3.239070564728624424e-02,6.195703451758010516e+01,2.015253834402284561e+00
3.434505359993807360e+04,3.391186561150860701e-01,3.239070564728624424e-02,9.080310218040875725e+02,5.287143587285809332e+01
8.122469662667205270e+00,3.391186561150860701e-01,3.239070564728624424e-02,7.036471696419735053e+02,1.274078558920793865e-02
8.483134981232961280e+00,3.391186561150860701e-01,3.239070564728624424e-02,2.827240419117330816e+02,7.368327355806506551e-01
8.182423333386918074e+00,3.391186561150860701e-01,3.239070564728624424e-02,5.315339303417093788e+02,2.861683102975669524e+00
1.720639270956989990e+12,3.391186561150860701e-01,3.239070564728624424e-02,4.099893701865664042e+01,7.921712053288019639e+00
8.485472486484152222e+10,3.391186561150860701e-01,3.239070564728624424e-02,8.625149017844641719e+01,1.232688748465547945e+01
8.484428474603584291e+00,3.391186561150860701e-01,3.239070564728624424e-02,8.693299662768018834e+02,3.985112118309827700e+00
7.750178460255445480e+09,3.391186561150860701e-01,3.239070564728624424e-02,3.901100418551015281e+01,4.931396134193123615e+00
7.935528535183941126e+08,3.391186561150860701e-01,3.239070564728624424e-02,7.007440218522644670e+01,7.386519317484128599e+00
9.025859679948188941e+00,3.391186561150860701e-01,3.239070564728624424e-02,1.709777997240296941e+02,1.381595861538758435e-02
1.300346376507177229e+04,3.391186561150860701e-01,3.239070564728624424e-02,7.441601193723373342e+01,4.694220814079530513e+00
8.256523123642493189e+00,3.391186561150860701e-01,3.239070564728624424e-02,9.577691212606889621e+02,2.760415476167709770e+00
7.859213950450186559e+00,1.555515037858804135e+03,7.265457559969020762e-01,7.040582101477037895e+02,5.349103577708732793e+00
7.907254703652305317e+00,1.555515037858804135e+03,7.265457559969020762e-01,8.274738742502849220e+01,1.253053892877637132e+01
8.621639852416750571e+00,1.555515037858804135e+03,7.265457559969020762e-01,2.780939538684636432e+02,9.227108396628369746e+01
7.546613631855059623e+00,1.555515037858804135e+03,7.265457559969020762e-01,3.896543217201906550e+00,4.879274366383002520e-02
7.087641306366779581e+00,1.555515037858804135e+03,7.265457559969020762e-01,7.813619019392214113e+02,2.072232190877670160e-02
8.596058179444719727e+00,1.555515037858804135e+03,7.265457559969020762e-01,1.242549988936374774e+02,8.046533120964582508e+00
7.070986830793057898e+00,1.555515037858804135e+03,7.265457559969020762e-01,5.276869635940021226e+02,8.407106292218746546e+01
7.214238078139206145e+00,1.555515037858804135e+03,7.265457559969020762e-01,6.841976612466268080e+02,1.817134613342884819e+01
8.088561192507231823e+00,1.555515037858804135e+03,7.265457559969020762e-01,8.908953078137944885e+02,3.216936408392204960e+00
7.590939645245395440e+00,1.555515037858804135e+03,7.265457559969020762e-01,4.487469920166284321e-01,5.608759639147538334e-02
7.119277171379390978e+00,1.555515037858804135e+03,7.265457559969020762e-01,8.603806498922368746e+02,4.530469533734226423e-02
7.685244875418598021e+00,1.555515037858804135e+03,7.265457559969020762e-01,1.694106536799751268e+02,6.886915484432282852e+00
7.620185441617074673e+00,1.555515037858804135e+03,7.265457559969020762e-01,3.402571579469560348e+00,3.729755044369866268e-01
8.782456285797568540e+00,1.555515037858804135e+03,7.265457559969020762e-01,2.627265838386491055e+02,1.697728889897618032e+01
7.708776625837073126e+00,1.555515037858804135e+03,7.265457559969020762e-01,1.177349488369433743e+02,4.676839788357506911e-01
7.735257828411834957e+00,1.555515037858804135e+03,7.265457559969020762e-01,7.009791831747607205e+01,1.087269944022540846e+00
7.395268756920415854e+00,1.555515037858804135e+03,7.265457559969020762e-01,5.043848688280053238e+01,1.101458438610541890e+01
7.668640560211738233e+00,1.555515037858804135e+03,7.265457559969020762e-01,8.228556733989715877e-01,1.337689310743239435e-01
7.640358825124166309e+00,1.555515037858804135e+03,7.265457559969020762e-01,2.097097599414054230e+02,3.206523066180451131e-01
7.641890410709127224e+00,1.555515037858804135e+03,7.265457559969020762e-01,5.938863241713657715e+01,3.763848712953841158e-01
7.703393704936734032e+00,1.555515037858804135e+03,7.265457559969020762e-01,9.295291445854786616e+01,3.626829199092017064e-01
7.636260572924475909e+00,1.555515037858804135e+03,7.265457559969020762e-01,2.947340084236862889e+00,1.380182936885461231e-01
7.324927531501688627e+00,1.555515037858804135e+03,7.265457559969020762e-01,6.302022633575587633e+02,2.715026032806416367e+01
7.872963744775062445e+00,1.555515037858804135e+03,7.265457559969020762e-01,3.254074028643730685e+02,7.774162305203780932e+01
7.350292335154803069e+00,1.555515037858804135e+03,7.265457559969020762e-01,1.789610300492901729e+01,1.581292419000728255e+00
7.637995962154483287e+00,1.555515037858804135e+03,7.265457559969020762e-01,4.194974260842447222e+01,7.364193591555763696e+00
8.318611544613485620e+00,1.555515037858804135e+03,7.265457559969020762e-01,1.996415815579439368e+01,1.524631902429345098e+00
8.685612337630852053e+00,1.555515037858804135e+03,7.265457559969020762e-01,2.591467152926437834e+01,3.813709770370112384e+00
8.079639536201774774e+00,1.555515037858804135e+03,7.265457559969020762e-01,3.206253834095319348e+02,9.122419309440780921e+01
8.334022231428518168e+00,1.555515037858804135e+03,7.265457559969020762e-01,5.607102763247852408e+02,7.030376558678114840e+00
7.462761842705801563e+00,1.555515037858804135e+03,7.265457559969020762e-01,7.231202566147374888e+00,4.045379296687096060e-02
7.206078246712849023e+00,1.555515037858804135e+03,7.265457559969020762e-01,1.606270924006117014e+02,3.909405340745735619e-02
8.046272605628251640e+00,1.555515037858804135e+03,7.265457559969020762e-01,8.774293247644101257e+01,7.518656108962566975e+00
7.681695847498392737e+00,1.555515037858804135e+03,7.265457559969020762e-01,1.674363951647652060e+00,1.160853099112701958e-02
7.238989468019031648e+00,1.555515037858804135e+03,7.265457559969020762e-01,8.001088881974453670e+02,3.643455237406941905e+01
7.124632934841778287e+00,1.555515037858804135e+03,7.265457559969020762e-01,3.260179961355108276e+02,1.035393744714345823e-02
7.601597631670780508e+00,1.555515037858804135e+03,7.265457559969020762e-01,8.277538921954290174e+01,3.267363580258936251e-01
7.563681280448792954e+00,1.555515037858804135e+03,7.265457559969020762e-01,6.838129144261193915e+02,3.669064728700819900e-01
7.253796584442203432e+00,1.555515037858804135e+03,7.265457559969020762e-01,1.977907525385185181e+02,6.188447759559028327e+01
7.559495865179780338e+00,1.555515037858804135e+03,7.265457559969020762e-01,8.740849840369671142e+01,1.248136913789468672e+00
6.908434771725096901e+00,1.555515037858804135e+03,7.265457559969020762e-01,1.751643351816472034e+02,3.178926264103008137e+01
7.595450203629447117e+00,1.555515037858804135e+03,7.265457559969020762e-01,4.418622956684892955e+01,2.525795006504831242e-01
7.724516430490058205e+00,1.555515037858804135e+03,7.265457559969020762e-01,1.372375868239756880e+00,2.504344013015103940e-02
7.527983489831139075e+00,1.555515037858804135e+03,7.265457559969020762e-01,5.507606044625906634e+02,3.048363346751909453e-01
7.348388711830510012e+00,1.555515037858804135e+03,7.265457559969020762e-01,2.200355128940674376e+01,1.923843639893491400e-02
7.599467563427314332e+00,1.555515037858804135e+03,7.265457559969020762e-01,3.854091183685603550e+00,1.250841330862275391e-01
7.826641062401382243e+00,1.555515037858804135e+03,7.265457559969020762e-01,1.710229034203898379e+02,7.452545031451858648e+00
7.369620579762244716e+00,1.555515037858804135e+03,7.265457559969020762e-01,2.754857631293465943e+02,6.024783332693787408e+00
8.972286757191525908e+00,1.555515037858804135e+03,7.265457559969020762e-01,2.313264645929073708e+02,3.905524565970900142e+01
8.178018779077797618e+00,1.555515037858804135e+03,7.265457559969020762e-01,7.984985665106578381e+02,1.002471257960458573e+01
5.313373671907350654e+05,8.084677659790985516e+00,3.213410592906618818e-02,1.399872734949637447e+02,7.697999264581361523e+00
7.768902417389044857e+00,8.084677659790985516e+00,3.213410592906618818e-02,6.623400319910560938e+02,3.510919656708169634e-01
7.388855521237710278e+00,8.084677659790985516e+00,3.213410592906618818e-02,5.420887123062366300e+02,1.374749452129450655e-02
7.774785888776664322e+00,8.084677659790985516e+00,3.213410592906618818e-02,7.979065785725232729e+01,5.830771194992349915e-02
8.298653931046562349e+00,8.084677659790985516e+00,3.213410592906618818e-02,4.222688640149468853e+01,1.716741610009942409e+00
7.707902732416191505e+00,8.084677659790985516e+00,3.213410592906618818e-02,7.714667606658044008e+01,1.835012061175953502e-01
7.703460467940040246e+00,8.084677659790985516e+00,3.213410592906618818e-02,1.857090856512234822e+01,3.391448471277365706e-01
3.506358914584951103e+07,8.084677659790985516e+00,3.213410592906618818e-02,1.994691518489124604e+01,1.550389464216147761e+00
8.272658217934861113e+00,8.084677659790985516e+00,3.213410592906618818e-02,5.331397448617558439e+02,3.771174109342625425e+00
3.049916333873062912e+18,8.084677659790985516e+00,3.213410592906618818e-02,2.814236378157396246e+01,2.935530475506213932e+00
6.804470460805118748e+00,8.084677659790985516e+00,3.213410592906618818e-02,3.669893887402747357e+00,1.207951717609922065e-01
8.122174915594928990e+00,8.084677659790985516e+00,3.213410592906618818e-02,6.464686708512987252e+02,9.943534171134800204e+00
4.449275386306968284e+34,8.084677659790985516e+00,3.213410592906618818e-02,1.885258631857964815e+02,3.292103979093994326e+01
2.230301754944609638e+04,8.084677659790985516e+00,3.213410592906618818e-02,2.771826812163977820e+02,1.350238897191116116e+01
8.559622862944939570e+00,8.084677659790985516e+00,3.213410592906618818e-02,1.790007335584273562e+02,1.812017774752949340e+00
1.831276871062396432e+35,8.084677659790985516e+00,3.213410592906618818e-02,8.212737058796237477e+01,1.472516323780227587e+01
1.303324974328632821e+34,8.084677659790985516e+00,3.213410592906618818e-02,3.474344508305193813e+02,5.861738747156900331e+01
7.542096495271013445e+00,8.084677659790985516e+00,3.213410592906618818e-02,7.099377780799612765e+02,1.424589464402423289e+00
7.240051005781433346e+00,8.084677659790985516e+00,3.213410592906618818e-02,4.887340594053787868e+01,1.290124764132430490e+00
6.533879483460192539e+00,8.084677659790985516e+00,3.213410592906618818e-02,5.245850567602024057e+02,1.188002968778010526e+01
7.697567109415838438e+00,8.084677659790985516e+00,3.213410592906618818e-02,1.590281894094065365e+02,3.262466105057646448e-01
1.200605278176456565e+38,8.084677659790985516e+00,3.213410592906618818e-02,1.336254455047172485e+02,2.706624300786955928e+01
2.462807858734738510e+35,8.084677659790985516e+00,3.213410592906618818e-02,8.328998945919400398e+01,1.517480796751609518e+01
7.672649498789974487e+00,8.084677659790985516e+00,3.213410592906618818e-02,1.445738227515933829e+02,2.839050392321642094e-02
9.345413093755427181e+31,8.084677659790985516e+00,3.213410592906618818e-02,1.301940178610899181e+02,2.041843321034458825e+01
7.696268342954020625e+00,8.084677659790985516e+00,3.213410592906618818e-02,3.647903436710516303e+02,4.471013561187149876e-01
7.958682559496511821e+00,8.084677659790985516e+00,3.213410592906618818e-02,4.031507349524797235e+01,6.084393158981283439e-02
6.429332970243459391e+26,8.084677659790985516e+00,3.213410592906618818e-02,1.007485032828556513e+02,1.307585950095936234e+01
7.681148444612473369e+00,8.084677659790985516e+00,3.213410592906618818e-02,4.269480833793933243e+02,2.939701685758865923e-01
7.763727938946153984e+00,8.084677659790985516e+00,3.213410592906618818e-02,3.615421115365635529e+01,1.951754477520055153e-01
7.556745057815229316e+00,8.084677659790985516e+00,3.213410592906618818e-02,1.420853172268874154e+01,4.092239675941233279e-01
5.028525402757323384e+08,8.084677659790985516e+00,3.213410592906618818e-02,4.049593783996931506e+02,2.476156801568965093e+01
9.100448999138622597e+00,8.084677659790985516e+00,3.213410592906618818e-02,1.016449818500071345e+01,2.955957631597304000e-02
8.452984775077650781e+00,8.084677659790985516e+00,3.213410592906618818e-02,1.224679759035185533e+01,6.410456403425980609e-02
4.796650947989403513e+31,8.084677659790985516e+00,3.213410592906618818e-02,1.558700361499790290e+02,2.419958190215835359e+01
1.003501029950884593e+01,8.084677659790985516e+00,3.213410592906618818e-02,7.592341242171545446e+02,2.223014521309070801e+01
1.984432839885485933e+01,8.084677659790985516e+00,3.213410592906618818e-02,8.832855601616988679e+02,3.025509034822573540e+01
8.735493287888230540e+00,8.084677659790985516e+00,3.213410592906618818e-02,5.573095841401022987e+00,4.263407859910332137e-02
1.434551706760564900e+20,8.084677659790985516e+00,3.213410592906618818e-02,5.248590937569680364e+02,5.342838480704756421e+01
8.205793332557936637e+00,8.084677659790985516e+00,3.213410592906618818e-02,5.393356906996289126e+02,1.911081219129037834e+00
1.166287921939709400e+16,8.084677659790985516e+00,3.213410592906618818e-02,8.003452981278448988e+02,6.741967084447314562e+01
7.816364613149568541e+00,8.084677659790985516e+00,3.213410592906618818e-02,2.920131420371307840e+01,1.740968443699873192e-01
7.764884857282972952e+00,8.084677659790985516e+00,3.213410592906618818e-02,5.003326801387262890e+02,8.806908600898166739e-01
8.045364515661205473e+00,8.084677659790985516e+00,3.213410592906618818e-02,1.897708165083651295e+02,6.723931794920902094e-01
7.668025121603083250e+00,8.084677659790985516e+00,3.213410592906618818e-02,8.060444580323461423e+02,9.253125213595550846e+00
6.792804185232171221e+00,8.084677659790985516e+00,3.213410592906618818e-02,2.758650366743238465e+02,6.144582768229273739e+00
9.238275823031520062e+00,8.084677659790985516e+00,3.213410592906618818e-02,7.893415203682297943e+02,1.314302214022836779e+01
2.771610296648379268e+31,8.084677659790985516e+00,3.213410592906618818e-02,5.380992239045416348e+00,1.020272577357353549e+00
2.110172354109852672e+18,8.084677659790985516e+00,3.213410592906618818e-02,5.473929669620991234e+01,5.399745165714393558e+00
7.341755420627960937e+00,8.084677659790985516e+00,3.213410592906618818e-02,8.636685992928745463e+02,1.833986903615348041e+01
7.526508113034784841e+00,1.618594916305030893e+03,3.488776279797571878e-01,6.627309977981094562e+02,2.807300911625154050e-01
7.546277103928745511e+00,1.618594916305030893e+03,3.488776279797571878e-01,7.595554938712081317e-01,7.321666464017120846e-02
7.523531977112144276e+00,1.618594916305030893e+03,3.488776279797571878e-01,9.150092532294727334e+02,3.012858951779684435e-01
7.176531993084739547e+00,1.618594916305030893e+03,3.488776279797571878e-01,7.286400453893178337e+02,9.472518353259400214e+01
7.524405563102288141e+00,1.618594916305030893e+03,3.488776279797571878e-01,4.412697614684963128e+02,1.650235949172068617e+00
7.408826138645172144e+00,1.618594916305030893e+03,3.488776279797571878e-01,2.415989779964473172e+01,4.195537495359838442e-02
7.648556111076679542e+00,1.618594916305030893e+03,3.488776279797571878e-01,3.699350676708557994e+00,7.418180403063445727e-02
7.710847388218246223e+00,1.618594916305030893e+03,3.488776279797571878e-01,1.869110703344079525e+02,7.369278025813104094e-01
7.817223183414724552e+00,1.618594916305030893e+03,3.488776279797571878e-01,2.802644344022585887e+00,3.783610852482655051e-01
8.042059107206712909e+00,1.618594916305030893e+03,3.488776279797571878e-01,5.754297880528162068e+02,7.664769525930567795e+01
7.558672291019481904e+00,1.618594916305030893e+03,3.488776279797571878e-01,9.056055887554981254e+00,8.196812470605302492e-02
7.966273205121342293e+00,1.618594916305030893e+03,3.488776279797571878e-01,2.843573480986400526e+01,5.037995443880425306e-01
7.291218337781969261e+00,1.618594916305030893e+03,3.488776279797571878e-01,1.212692872367475161e+02,3.947690558024169238e+00
7.192151944425884125e+00,1.618594916305030893e+03,3.488776279797571878e-01,5.305744665857637301e+02,5.272395684283734396e-02
7.010482396655953963e+00,1.618594916305030893e+03,3.488776279797571878e-01,2.040453915653007755e+02,1.315820424619410645e+01
7.943672935826974424e+00,1.618594916305030893e+03,3.488776279797571878e-01,1.589608922553339880e+02,3.389630690318932160e+00
8.190727448622306284e+00,1.618594916305030893e+03,3.488776279797571878e-01,3.286868895655927503e+01,2.191436162772955498e+00
7.504072973669661195e+00,1.618594916305030893e+03,3.488776279797571878e-01,7.795865317150030194e+01,1.099840543624229916e+01
7.971240999773189451e+00,1.618594916305030893e+03,3.488776279797571878e-01,8.099561106050065007e+01,6.392143431227303552e+00
8.178003306530950312e+00,1.618594916305030893e+03,3.488776279797571878e-01,1.840995319682186349e+01,2.470399462297778737e+00
7.911558257202312205e+00,1.618594916305030893e+03,3.488776279797571878e-01,9.264635084329989922e+02,1.095707039462913812e+00
8.002432868367876040e+00,1.618594916305030893e+03,3.488776279797571878e-01,2.659825876476650706e+02,7.241448540900868203e+00
7.204878310446543921e+00,1.618594916305030893e+03,3.488776279797571878e-01,3.635772669218304145e+02,6.798385412545009387e+01
7.501408121339673052e+00,1.618594916305030893e+03,3.488776279797571878e-01,1.284235749587044140e+01,7.103846404493232569e-01
7.179247669963084277e+00,1.618594916305030893e+03,3.488776279797571878e-01,6.953048269749739347e+02,5.502550636633036368e-02
7.717419113460518787e+00,1.618594916305030893e+03,3.488776279797571878e-01,1.606057941557468780e+02,6.385631935674824788e+00
7.299198158191424035e+00,1.618594916305030893e+03,3.488776279797571878e-01,7.113036078562122100e+01,3.620614869159339833e+00
8.847762105117297438e+00,1.618594916305030893e+03,3.488776279797571878e-01,2.320699777971338449e+02,1.146792910631211271e+01
6.993734826734320009e+00,1.618594916305030893e+03,3.488776279797571878e-01,3.549488144991482796e-01,1.315325788225212705e-02
7.120160521010988397e+00,1.618594916305030893e+03,3.488776279797571878e-01,3.582594818391223157e+01,2.740346958359582530e+00
7.232546938328446195e+00,1.618594916305030893e+03,3.488776279797571878e-01,5.650163222706977422e+02,9.412347878954507863e+00
8.858048320345652371e+00,1.618594916305030893e+03,3.488776279797571878e-01,6.345435503006078193e+01,5.592380311103393176e+00
8.094862559216840836e+00,1.618594916305030893e+03,3.488776279797571878e-01,8.139485042466800451e+02,8.048669552854572373e+01
7.101947691483526448e+00,1.618594916305030893e+03,3.488776279797571878e-01,9.334189182234323425e+02,1.074419438595429835e-02
7.413635538438176908e+00,1.618594916305030893e+03,3.488776279797571878e-01,2.272906007736214917e+02,1.681074266016393259e-01
7.602390473703611207e+00,1.618594916305030893e+03,3.488776279797571878e-01,5.115356711287408871e+02,1.172133906662423719e+01
7.655442820107508872e+00,1.618594916305030893e+03,3.488776279797571878e-01,2.230585875971015497e+01,4.417949132797799550e+00
7.874164940534479129e+00,1.618594916305030893e+03,3.488776279797571878e-01,4.229410099684057656e+01,5.618229429377293194e+00
7.702878337961045929e+00,1.618594916305030893e+03,3.488776279797571878e-01,2.676938897363367875e+00,8.407551922766784425e-02
7.115515551274804729e+00,1.618594916305030893e+03,3.488776279797571878e-01,2.466828005670026158e+01,6.386840019769009835e+00
7.838475166856703424e+00,1.618594916305030893e+03,3.488776279797571878e-01,1.577852446503258621e+00,2.920957648126600026e-02
7.597461695790668657e+00,1.618594916305030893e+03,3.488776279797571878e-01,7.196174660890622299e+00,1.328559994140995071e-01
7.502383247133840527e+00,1.618594916305030893e+03,3.488776279797571878e-01,1.229033375024336294e+01,2.959038054611160679e-02
7.739925976243838157e+00,1.618594916305030893e+03,3.488776279797571878e-01,2.049152558853837718e+02,4.965395122990613475e-01
7.299568577770588540e+00,1.618594916305030893e+03,3.488776279797571878e-01,2.199920714639864343e+02,9.414350557352295368e-02
7.706257172337472205e+00,1.618594916305030893e+03,3.488776279797571878e-01,2.351407141192002825e+02,1.414925747861659699e+00
7.527689958417478344e+00,1.618594916305030893e+03,3.488776279797571878e-01,1.086693194516303862e+01,2.027825289951374482e-02
8.242673696760201452e+00,1.618594916305030893e+03,3.488776279797571878e-01,3.797292733175600432e+01,2.335596666191185999e+00
7.685013827147303189e+00,1.618594916305030893e+03,3.488776279797571878e-01,1.025812683761237309e+01,4.234218623386201141e-01
8.466017427955810248e+00,1.618594916305030893e+03,3.488776279797571878e-01,1.685116104306708706e+01,4.150449757648121185e+00
2.610125490453486145e+08,9.332930074992543679e-01,4.408115826167424006e-02,4.843424587400659398e+00,6.995672431935644475e-01
9.148373325578698423e+05,9.332930074992543679e-01,4.408115826167424006e-02,8.764690641930834545e+02,7.127951332989263733e+01
9.141349021546231413e+00,9.332930074992543679e-01,4.408115826167424006e-02,4.204515866386094558e+01,1.174905871086570110e-02
7.715088643763439613e+00,9.332930074992543679e-01,4.408115826167424006e-02,6.939753061953371116e+02,1.081977106653049248e-01
1.962626343627458780e+01,9.332930074992543679e-01,4.408115826167424006e-02,7.407680032488187294e+00,4.036730406220868927e-02
8.091818786072007441e+00,9.332930074992543679e-01,4.408115826167424006e-02,6.032373026090880330e+02,8.795050212026987779e+00
2.245130114262231552e+18,9.332930074992543679e-01,4.408115826167424006e-02,2.496627518330367650e+02,8.307150264239717785e+01
1.861427681278119195e+01,9.332930074992543679e-01,4.408115826167424006e-02,5.470580767395958333e+00,1.033120328445105013e-01
3.356818606296209500e+15,9.332930074992543679e-01,4.408115826167424006e-02,7.029102288063722881e+01,1.589069452875643051e+01
1.071874279954085374e+01,9.332930074992543679e-01,4.408115826167424006e-02,1.186152102816664922e+01,6.285616749771168188e-02
7.817139053428573625e+00,9.332930074992543679e-01,4.408115826167424006e-02,3.697674029892845624e+02,4.044716223390640297e-02
7.931525258448894000e+00,9.332930074992543679e-01,4.408115826167424006e-02,6.556735394822709395e+02,2.986285774180525432e-01
7.885723884104164583e+00,9.332930074992543679e-01,4.408115826167424006e-02,2.884486976994390375e+02,2.762465044565643249e-02
8.995757702549945116e+08,9.332930074992543679e-01,4.408115826167424006e-02,8.370181954417298584e+02,8.721307373571170274e+01
8.081335203020223901e+00,9.332930074992543679e-01,4.408115826167424006e-02,5.712427445814463454e+02,2.542474059260952934e+00
6.316633226893468201e+07,9.332930074992543679e-01,4.408115826167424006e-02,8.143637283246213201e+02,7.721298444259349480e+01
7.293853938446480315e+05,9.332930074992543679e-01,4.408115826167424006e-02,2.906479372743342005e+00,1.604272703916955478e-01
7.414862616536599838e+00,9.332930074992543679e-01,4.408115826167424006e-02,1.740633254153910627e+02,3.429566774128903983e+00
1.233275250044986926e+01,9.332930074992543679e-01,4.408115826167424006e-02,7.592784209018151209e+00,5.516474048685692244e-01
3.850236824766224640e+17,9.332930074992543679e-01,4.408115826167424006e-02,2.166396023946198284e+02,6.711689194463767194e+01
8.737727285161302149e+00,9.332930074992543679e-01,4.408115826167424006e-02,3.258809225914122720e+01,1.236170266123103184e-01
8.237101560746166840e+00,9.332930074992543679e-01,4.408115826167424006e-02,2.008160526978421601e+01,5.208158899362201888e-01
7.312880743226774172e+00,9.332930074992543679e-01,4.408115826167424006e-02,5.025462358626833179e+02,1.013362384286982198e+01
9.113264275779267010e+00,9.332930074992543679e-01,4.408115826167424006e-02,7.284336477720312359e+02,8.045222306165422665e+00
1.181919492696643639e+10,9.332930074992543679e-01,4.408115826167424006e-02,7.636048802178019912e+01,9.244037408412429713e+00
8.262789231817999180e+00,9.332930074992543679e-01,4.408115826167424006e-02,2.027664008103998299e+02,3.754664591798095863e-01
1.178287855021102359e+01,9.332930074992543679e-01,4.408115826167424006e-02,1.320871060865851021e+01,2.359208391281563538e-02
8.778740709909136797e+00,9.332930074992543679e-01,4.408115826167424006e-02,3.166061670096447500e+01,1.154925757180283868e-01
1.064697592000893422e+01,9.332930074992543679e-01,4.408115826167424006e-02,6.878069460519712131e+00,3.215938255488181019e-01
8.241434720989936125e+00,9.332930074992543679e-01,4.408115826167424006e-02,3.085260531020746910e+01,1.166012783466809921e+00
1.137048167163146495e+01,9.332930074992543679e-01,4.408115826167424006e-02,1.138926498784032226e+01,8.181523473809553249e-01
3.104291772223782715e+12,9.332930074992543679e-01,4.408115826167424006e-02,5.445943609669404850e+01,8.662848413823644123e+00
8.131865206384908618e+00,9.332930074992543679e-01,4.408115826167424006e-02,1.548046746774262488e+02,4.385711695631494544e-02
1.743174489176849250e+15,9.332930074992543679e-01,4.408115826167424006e-02,3.527841049278529226e+02,7.263106161463136345e+01
4.285856006111612260e+03,9.332930074992543679e-01,4.408115826167424006e-02,4.667048683734821068e+00,1.491850666376478771e-02
2.297685786599195126e+03,9.332930074992543679e-01,4.408115826167424006e-02,9.697677503271225987e+02,6.291367292989657756e+01
6.585676810000439882e+08,9.332930074992543679e-01,4.408115826167424006e-02,6.051620877745509830e+01,6.771507325520571996e+00
7.981043505741650890e+00,9.332930074992543679e-01,4.408115826167424006e-02,1.671775632163270586e+02,8.436796900739098604e-01
9.838758902337248813e+00,9.332930074992543679e-01,4.408115826167424006e-02,8.987915331007927833e+00,3.829427519315625195e-01
7.568197252344439185e+00,9.332930074992543679e-01,4.408115826167424006e-02,8.883763612316753324e+02,3.990390066649389389e-02
7.865089349257643470e+00,9.332930074992543679e-01,4.408115826167424006e-02,3.712166844242897810e+02,1.152085132642347021e-01
8.232728686526073147e+00,9.332930074992543679e-01,4.408115826167424006e-02,1.215245239591478139e+02,2.641720965386446518e-01
6.692856762140192091e+06,9.332930074992543679e-01,4.408115826167424006e-02,3.033401701092957037e+00,4.158995881910305947e-02
8.931596132813828248e+00,9.332930074992543679e-01,4.408115826167424006e-02,4.162595971354173940e+01,4.269553544106537840e-02
8.124719969438288558e+00,9.332930074992543679e-01,4.408115826167424006e-02,1.063202967493082838e+02,7.553780101123844792e-01
6.635771515180545421e+00,9.332930074992543679e-01,4.408115826167424006e-02,2.808242859481253504e+02,7.032185997336965144e+00
7.526392919216414512e+00,9.332930074992543679e-01,4.408115826167424006e-02,9.762271602648459066e+02,2.564216819011541637e-02
8.069937351085700428e+00,9.332930074992543679e-01,4.408115826167424006e-02,4.664046584497165213e+02,3.391767958130140759e-01
8.591727956774485975e+00,9.332930074992543679e-01,4.408115826167424006e-02,3.131069485558633403e+01,2.024450809761866588e-01
8.000725519731521018e+00,9.332930074992543679e-01,4.408115826167424006e-02,1.167418004805143994e+02,7.522061118316751838e-01
8.454052029264557788e+00,2.004674697096689773e+00,1.444109516539482940e-01,3.578096887550136529e+01,8.858042679863729896e-02
7.596676676293432351e+00,2.004674697096689773e+00,1.444109516539482940e-01,6.375187497572159145e+02,2.581690754234107388e+01
8.208227672085447679e+00,2.004674697096689773e+00,1.444109516539482940e-01,6.636482599609368549e+01,2.362207999768249633e-02
7.828480852830820069e+00,2.004674697096689773e+00,1.444109516539482940e-01,2.257122669377252180e+02,1.033061742730958521e-01
7.501477814065984795e+00,2.004674697096689773e+00,1.444109516539482940e-01,5.725234417793523107e+02,7.421056154038624397e-02
9.666978572694970353e+02,2.004674697096689773e+00,1.444109516539482940e-01,6.177244011691207959e+00,2.047013134790949707e+00
8.205235436024649331e+00,2.004674697096689773e+00,1.444109516539482940e-01,7.900017204215501465e+01,1.812562233314054527e-01
8.424922553408414672e+00,2.004674697096689773e+00,1.444109516539482940e-01,7.882762380475224973e+01,7.221136501800819119e+00
1.133085152690251718e+01,2.004674697096689773e+00,1.444109516539482940e-01,1.194706040030063399e+01,2.120208059485262808e+00
8.658517466140160934e+00,2.004674697096689773e+00,1.444109516539482940e-01,1.699950307731810994e+01,1.571080634525742481e-01
2.023450167903272501e+01,2.004674697096689773e+00,1.444109516539482940e-01,2.777492026407167600e+02,5.056174547118585849e+01
7.586701957649998107e+00,2.004674697096689773e+00,1.444109516539482940e-01,7.833717660746625597e+02,2.415897010361590880e+00
7.926008637196260587e+00,2.004674697096689773e+00,1.444109516539482940e-01,4.253766099368478422e+02,4.250164706117212088e-01
7.902050124429491618e+00,2.004674697096689773e+00,1.444109516539482940e-01,3.465256770039625849e+02,2.841503420897827925e-01
1.158916859602913263e+01,2.004674697096689773e+00,1.444109516539482940e-01,4.827539961931632888e+02,6.833028776781914360e+01
2.158660675545924690e+01,2.004674697096689773e+00,1.444109516539482940e-01,4.324411171141690033e+02,7.912533176180004091e+01
9.521564474670617173e+00,2.004674697096689773e+00,1.444109516539482940e-01,7.503502256027788420e+00,2.706026961843919360e-02
8.001348075403218019e+00,2.004674697096689773e+00,1.444109516539482940e-01,1.115228967782687874e+02,2.231103631018364897e-02
8.732879222285060195e+00,2.004674697096689773e+00,1.444109516539482940e-01,7.524013830084592236e+00,3.628942694022664894e-01
2.637417981109670563e+03,2.004674697096689773e+00,1.444109516539482940e-01,1.104663861735317596e+02,2.969966911576491952e+01
7.946591275840704682e+00,2.004674697096689773e+00,1.444109516539482940e-01,1.379918417858368969e+02,1.027374471385712057e-02
8.352419271343178409e+00,2.004674697096689773e+00,1.444109516539482940e-01,7.657750231315244491e+02,9.051912106205651787e-01
8.486081427574340807e+00,2.004674697096689773e+00,1.444109516539482940e-01,2.981460930758111516e+01,1.985408342405264315e-01
9.022910070795838067e+00,2.004674697096689773e+00,1.444109516539482940e-01,1.451525636042009104e+01,1.588134405634694435e+00
2.125821114476948992e+01,2.004674697096689773e+00,1.444109516539482940e-01,7.769924072012029725e+00,2.000247779160380102e+00
7.389877125512513523e+00,2.004674697096689773e+00,1.444109516539482940e-01,7.510849138865333430e+01,3.673782586572700293e+00
3.244326708788211988e+01,2.004674697096689773e+00,1.444109516539482940e-01,1.102470090794661388e+02,2.199489485082296980e+01
7.679833764075937985e+00,2.004674697096689773e+00,1.444109516539482940e-01,5.076428714071384434e+02,7.758724425171453554e+00
7.847568673836808451e+00,2.004674697096689773e+00,1.444109516539482940e-01,1.835789779330604290e+02,1.038591600509022189e-02
1.049908263511306394e+01,2.004674697096689773e+00,1.444109516539482940e-01,1.779293276150555982e+02,2.296950475018356030e+01
8.735535928077009515e+00,2.004674697096689773e+00,1.444109516539482940e-01,1.002131887211332817e+01,3.023960107920927176e-01
8.192978180571646618e+00,2.004674697096689773e+00,1.444109516539482940e-01,8.064425573628763289e+01,2.513369387187481596e+00
8.315142431664604317e+00,2.004674697096689773e+00,1.444109516539482940e-01,5.371696797405062398e+02,3.910458805077256184e+00
7.135928120756011239e+00,2.004674697096689773e+00,1.444109516539482940e-01,6.547771290831171882e+02,3.884882499204508122e+01
7.778817475830476447e+00,2.004674697096689773e+00,1.444109516539482940e-01,2.477213992907185229e+02,9.029250521518492056e-02
8.061529009484997843e+00,2.004674697096689773e+00,1.444109516539482940e-01,1.443889374958919802e+02,1.824913979462476354e-01
8.624807597023778527e+00,2.004674697096689773e+00,1.444109516539482940e-01,1.953769379725342858e+01,5.102973027324251287e-01
8.065400324206565941e+00,2.004674697096689773e+00,1.444109516539482940e-01,9.782120075930012604e+01,8.714830354021006753e-02
1.476074739077793296e+01,2.004674697096689773e+00,1.444109516539482940e-01,3.856422776208931396e+02,6.377172423084093111e+01
7.930123673357500458e+00,2.004674697096689773e+00,1.444109516539482940e-01,2.754165090548846706e+02,4.509228385901668190e+00
8.455123160056810860e+00,2.004674697096689773e+00,1.444109516539482940e-01,3.685850312172148335e+01,3.467088476207431103e-01
7.891807708640510732e+00,2.004674697096689773e+00,1.444109516539482940e-01,2.932451335685150298e+02,9.531166687908383395e-01
7.949870922552539909e+00,2.004674697096689773e+00,1.444109516539482940e-01,6.130779698240869493e+02,2.084790554189695300e+01
7.382677720592607962e+00,2.004674697096689773e+00,1.444109516539482940e-01,5.362254778928859196e+02,6.843731418331097771e+00
8.095136707483126415e+00,2.004674697096689773e+00,1.444109516539482940e-01,2.975513261900138673e+01,1.107355003003612781e+00
3.704666195664755435e+01,2.004674697096689773e+00,1.444109516539482940e-01,6.050891726668542248e+01,1.268289221533897582e+01
7.702507617575925281e+00,2.004674697096689773e+00,1.444109516539482940e-01,7.775749674138296541e+02,2.295498023829690037e+00
7.976204844431226348e+00,2.004674697096689773e+00,1.444109516539482940e-01,1.867081206546066028e+02,1.673372236258313661e-01
8.019487235366595357e+00,2.004674697096689773e+00,1.444109516539482940e-01,7.813977720004973548e+01,6.230187210328140601e+00
7.103918083929419481e+03,2.004674697096689773e+00,1.444109516539482940e-01,1.291976286831524021e+02,3.938376048699347365e+01
8.230110315261489617e+00,7.166760642218763167e+01,1.469267412410352018e-02,2.437867729651702859e+02,9.633758885411527473e-01
4.534758666683711254e+32,7.166760642218763167e+01,1.469267412410352018e-02,2.778641522328813380e+02,1.606397506924277252e+01
7.874893100234409360e+00,7.166760642218763167e+01,1.469267412410352018e-02,6.901821229726917295e+01,9.740425916678031870e-02
1.539298422691139193e+31,7.166760642218763167e+01,1.469267412410352018e-02,2.136913768969353384e+02,1.200983482531255220e+01
7.386605696719886538e+00,7.166760642218763167e+01,1.469267412410352018e-02,8.567652396536683455e+02,2.967454228667005395e-02
7.462104098491995074e+00,7.166760642218763167e+01,1.469267412410352018e-02,5.967212205405677423e+02,8.322944728026657191e-02
7.887879826254707183e+00,7.166760642218763167e+01,1.469267412410352018e-02,3.248819017046174196e+01,8.115011115889040338e-01
9.669384800105342340e+105,7.166760642218763167e+01,1.469267412410352018e-02,2.990480314520600018e+02,5.762769310583403382e+01
7.429655036822308212e+00,7.166760642218763167e+01,1.469267412410352018e-02,6.791824241530238169e+02,3.340487402973447290e-02
9.333482701149053540e+00,7.166760642218763167e+01,1.469267412410352018e-02,6.929360578015910050e+02,8.242975813254599160e+00
7.363555817329046072e+00,7.166760642218763167e+01,1.469267412410352018e-02,9.452066396605816863e+02,1.703339221272536300e-02
7.664553313464438133e+00,7.166760642218763167e+01,1.469267412410352018e-02,1.416586727750348871e+02,4.408027604533622523e-01
9.685935375841512063e+86,7.166760642218763167e+01,1.469267412410352018e-02,5.430004562227989027e+02,8.022548796004626581e+01
7.872485743614377363e+00,7.166760642218763167e+01,1.469267412410352018e-02,1.426516599829429026e+02,3.218016429870663303e-02
8.192294514737945121e+00,7.166760642218763167e+01,1.469267412410352018e-02,8.144289120232267365e+00,1.914154724211762290e-02
1.418649540381813665e+02,7.166760642218763167e+01,1.469267412410352018e-02,2.265951893799075947e+02,4.588703650624599284e+00
7.389237010188868027e+00,7.166760642218763167e+01,1.469267412410352018e-02,9.722500410402582247e+02,6.082757975680153778e-02
7.470390456538123836e+00,7.166760642218763167e+01,1.469267412410352018e-02,2.065537911875066470e+02,2.324273844626856267e+00
7.567375191744445395e+00,7.166760642218763167e+01,1.469267412410352018e-02,3.501549589628414338e+01,4.041724891276847198e-01
7.533302961419241939e+00,7.166760642218763167e+01,1.469267412410352018e-02,1.962495534704389755e+01,1.584343453956287284e-01
2.335136504461825988e+117,7.166760642218763167e+01,1.469267412410352018e-02,1.183455961812740185e+02,2.752581081368587235e+01
4.731856831025213069e+03,7.166760642218763167e+01,1.469267412410352018e-02,1.454248341147971928e+02,3.459290283331369231e+00
9.084633673449807711e+28,7.166760642218763167e+01,1.469267412410352018e-02,3.597372556066141556e+02,1.891004114947984505e+01
7.237383944710801487e+00,7.166760642218763167e+01,1.469267412410352018e-02,2.437492177164591212e+01,2.642043212089448811e-01
2.047927448236353355e+74,7.166760642218763167e+01,1.469267412410352018e-02,4.001276346058505737e+02,4.821241360456023273e+01
7.836795821747926105e+00,7.166760642218763167e+01,1.469267412410352018e-02,1.518481203358939808e+02,3.159398253430157483e-02
2.029202472975071287e+05,7.166760642218763167e+01,1.469267412410352018e-02,1.660217619019585698e+02,4.176091111811826906e+00
7.721155134984419632e+00,7.166760642218763167e+01,1.469267412410352018e-02,1.042569652410585803e+02,2.516461159071449738e-01
1.102472468052286087e+122,7.166760642218763167e+01,1.469267412410352018e-02,2.946141954619401417e+02,7.400462734320272773e+01
6.806566561915200708e+00,7.166760642218763167e+01,1.469267412410352018e-02,3.560671871978804148e+01,5.319042222470872217e-01
2.595549258958182253e+38,7.166760642218763167e+01,1.469267412410352018e-02,9.132238604015039840e+00,7.727078017028569112e-01
3.058690752095137797e+30,7.166760642218763167e+01,1.469267412410352018e-02,1.149785803878214274e+01,8.330117813753368239e-01
7.893848772554679094e+00,7.166760642218763167e+01,1.469267412410352018e-02,3.834777629165135693e+01,1.117488283203497829e-01
3.102265907220504678e+62,7.166760642218763167e+01,1.469267412410352018e-02,1.645922475243301619e+01,1.796001916968460010e+00
7.657037389353490653e+00,7.166760642218763167e+01,1.469267412410352018e-02,2.824113341332250684e+02,2.598173469833794588e-02
1.030296272249512884e+28,7.166760642218763167e+01,1.469267412410352018e-02,1.064344223697170833e+02,5.648019660386024654e+00
5.043999726030241621e+87,7.166760642218763167e+01,1.469267412410352018e-02,5.597045434730943043e+02,8.227249216181020586e+01
1.998784578390095987e+02,7.166760642218763167e+01,1.469267412410352018e-02,2.489664462232782114e+02,5.027826043885930574e+00
4.543277615917706855e+64,7.166760642218763167e+01,1.469267412410352018e-02,4.718468659008099735e+02,4.936151622283013296e+01
6.327951518101837670e+57,7.166760642218763167e+01,1.469267412410352018e-02,1.127633750845008720e+01,1.193802385521558262e+00
6.804300981482483301e+00,7.166760642218763167e+01,1.469267412410352018e-02,6.961165005105002024e+00,1.954573109265625441e-02
6.220301606074517568e+118,7.166760642218763167e+01,1.469267412410352018e-02,1.745477658456529113e+01,4.215395608912396952e+00
7.795142571959943645e+00,7.166760642218763167e+01,1.469267412410352018e-02,1.732601629360464131e+02,3.406057614312272275e-01
6.701084812575177629e+00,7.166760642218763167e+01,1.469267412410352018e-02,8.253379186499600451e+00,1.013241932834349490e-01
7.777183719139713958e+00,7.166760642218763167e+01,1.469267412410352018e-02,5.502465596613099024e+02,4.212783757744981705e-01
2.285407686806043779e+124,7.166760642218763167e+01,1.469267412410352018e-02,1.420072830754824338e+02,3.718877997231807342e+01
7.855024029411802111e+00,7.166760642218763167e+01,1.469267412410352018e-02,8.997626442290241755e+01,6.894630755317773807e-02
7.672538614563551462e+00,7.166760642218763167e+01,1.469267412410352018e-02,2.074717871921926076e+02,3.712358005358788460e-01
7.418668461053506746e+00,7.166760642218763167e+01,1.469267412410352018e-02,9.343512592536555985e+02,1.567569870298235912e+00
6.590114893124784601e+00,7.166760642218763167e+01,1.469267412410352018e-02,7.370265000379574758e+02,5.963673215008431505e+00
2.035357183713715931e+05,5.374996058959353729e-01,5.761849253185134800e-02,5.705410687298555104e+02,7.015239856439096400e+01
1.076881584336496900e+01,5.374996058959353729e-01,5.761849253185134800e-02,2.422316306106141681e+01,1.670987221679521087e-02
2.418980699892316011e+01,5.374996058959353729e-01,5.761849253185134800e-02,5.237605326736656934e+02,3.394908395144681634e+01
2.874578166275597013e+01,5.374996058959353729e-01,5.761849253185134800e-02,2.236269808525150893e+01,2.163732211528010652e+00
8.975926708173627588e+00,5.374996058959353729e-01,5.761849253185134800e-02,7.069787242297732632e+01,4.620928631579388490e-01
9.293607221054830347e+01,5.374996058959353729e-01,5.761849253185134800e-02,1.672978591965793669e+02,1.389514496580219394e+01
2.637333761148643680e+06,5.374996058959353729e-01,5.761849253185134800e-02,1.307985575673879453e+02,1.909659076811031042e+01
7.985642117495811654e+00,5.374996058959353729e-01,5.761849253185134800e-02,6.670739040567425491e+02,1.179165243879740504e-01
1.152047968995013960e+01,5.374996058959353729e-01,5.761849253185134800e-02,1.782631994118298380e+01,2.107579042133923830e-02
7.816417176606477391e+00,5.374996058959353729e-01,5.761849253185134800e-02,9.211007594717456186e+02,9.594674669841742054e-02
6.067583686663358659e+07,5.374996058959353729e-01,5.761849253185134800e-02,1.590965452795327053e+02,2.811052844966890163e+01
8.752686955868977492e+00,5.374996058959353729e-01,5.761849253185134800e-02,2.482200858455144612e+02,5.609681738835524678e-01
7.751064556617788703e+00,5.374996058959353729e-01,5.761849253185134800e-02,4.419802693495195740e+02,7.520865698932847287e+00
8.498322961519470198e+00,5.374996058959353729e-01,5.761849253185134800e-02,2.116151638554869692e+02,4.702157265384148549e-02
2.362759490493939221e+08,5.374996058959353729e-01,5.761849253185134800e-02,2.251229246299346443e+01,4.740628543000370954e+00
9.997635077090635036e+00,5.374996058959353729e-01,5.761849253185134800e-02,3.446221976820199018e+01,3.105813488534899316e-02
1.316928160253799973e+01,5.374996058959353729e-01,5.761849253185134800e-02,1.197270023058966260e+01,3.240516067355105750e-02
8.917240277196905041e+00,5.374996058959353729e-01,5.761849253185134800e-02,7.980195723991300838e+01,2.513835346905367030e-01
1.036349640981950238e+01,5.374996058959353729e-01,5.761849253185134800e-02,2.600992513749584134e+01,4.356053799269020421e-02
1.055520954506067000e+01,5.374996058959353729e-01,5.761849253185134800e-02,1.439041158474989146e+01,1.607332397494175558e-01
8.692127086987222029e+00,5.374996058959353729e-01,5.761849253185134800e-02,3.630434925627798748e+02,8.574940000708602961e-01
2.047872617118549954e+01,5.374996058959353729e-01,5.761849253185134800e-02,7.495187872685452390e+00,4.901765037909321110e-02
8.336057864039407406e+00,5.374996058959353729e-01,5.761849253185134800e-02,4.765018540328113659e+02,1.055168305271113915e+01
7.977750370588064577e+00,5.374996058959353729e-01,5.761849253185134800e-02,7.698301660532727055e+02,1.655486397709979574e-01
6.564007235376760718e+02,5.374996058959353729e-01,5.761849253185134800e-02,6.475283368866678302e+01,6.451162214969058617e+00
1.232822390094766433e+03,5.374996058959353729e-01,5.761849253185134800e-02,2.035719572559640653e+02,1.949635872986591423e+01
8.222339296784408447e+00,5.374996058959353729e-01,5.761849253185134800e-02,7.085756743651078295e+02,3.053517602005578757e-01
8.783274511339673296e+00,5.374996058959353729e-01,5.761849253185134800e-02,1.049635992422072519e+02,2.597378950859171809e+00
5.325115088539773467e+01,5.374996058959353729e-01,5.761849253185134800e-02,6.627724162784867978e+00,1.618127339511803500e-02
2.916704211247440881e+01,5.374996058959353729e-01,5.761849253185134800e-02,8.055654965799076805e+00,9.330611896172698039e-01
3.282988925766237259e+09,5.374996058959353729e-01,5.761849253185134800e-02,3.721073929745205646e+02,8.766209646330862881e+01
8.370088621603105850e+00,5.374996058959353729e-01,5.761849253185134800e-02,3.016945284057564436e+02,1.359832201892417769e-01
4.692612526122913957e+08,5.374996058959353729e-01,5.761849253185134800e-02,2.375955541719762607e+02,4.814619705725456100e+01
1.114100084302124927e+01,5.374996058959353729e-01,5.761849253185134800e-02,1.032937198271740442e+01,1.921540506953245964e-01
9.375892378005028505e+00,5.374996058959353729e-01,5.761849253185134800e-02,5.828635455900653994e+01,8.078522499363907650e-02
3.405272610268092848e+01,5.374996058959353729e-01,5.761849253185134800e-02,2.254857663923320956e+02,1.685956064830079271e+01
9.813556006905519880e+00,5.374996058959353729e-01,5.761849253185134800e-02,8.533826449866083408e+01,2.901984095464870794e+00
2.120817619504145432e+10,5.374996058959353729e-01,5.761849253185134800e-02,1.354065825284982338e+02,3.820856376356196904e+01
1.214679848365514481e+01,5.374996058959353729e-01,5.761849253185134800e-02,1.823918736806494323e+01,1.185548224890777602e+00
1.149511319768193829e+01,5.374996058959353729e-01,5.761849253185134800e-02,2.828222930172336547e+01,1.396838812521763007e+00
1.769745444379561761e+01,5.374996058959353729e-01,5.761849253185134800e-02,3.120939475000402581e+02,1.876944925937027264e+01
3.480729832399270630e+10,5.374996058959353729e-01,5.761849253185134800e-02,1.746044512718166288e+02,5.169511158878287915e+01
8.566615981407846192e+00,5.374996058959353729e-01,5.761849253185134800e-02,7.719604347346912618e+02,1.514999657122537480e+00
8.906233985799440589e+00,5.374996058959353729e-01,5.761849253185134800e-02,3.765520341848727526e+01,4.819945470613314908e-01
1.085828909403419651e+01,5.374996058959353729e-01,5.761849253185134800e-02,9.263980217711134628e+02,3.674808356492977168e+01
1.033010613640777287e+01,5.374996058959353729e-01,5.761849253185134800e-02,1.372477657772163084e+01,2.282224719452447259e-01
1.086465387772377689e+01,5.374996058959353729e-01,5.761849253185134800e-02,1.345439391511625793e+01,1.371651274708436119e-01
1.013418924595074344e+01,5.374996058959353729e-01,5.761849253185134800e-02,3.493457592430748804e+01,1.059397207034788561e-02
1.068133457134063491e+01,5.374996058959353729e-01,5.761849253185134800e-02,1.185335052649336163e+01,4.537209714625992651e-01
8.276913113241830544e+00,5.374996058959353729e-01,5.761849253185134800e-02,3.435700941775402271e+02,4.635554386497437590e-02
1.056283486989982023e+01,4.065399854142685010e-01,2.044674612579341078e-01,3.382722716101238802e+02,1.042615530769111487e+01
1.798018630099721094e+01,4.065399854142685010e-01,2.044674612579341078e-01,2.067375054809549795e+02,5.983558725167230818e+01
1.246275530801810483e+01,4.065399854142685010e-01,2.044674612579341078e-01,1.388101903033638251e+01,2.362242956271203287e-01
1.091598687379825883e+01,4.065399854142685010e-01,2.044674612579341078e-01,8.971769319610802995e+02,3.083830666607716608e+01
1.198308744350463684e+01,4.065399854142685010e-01,2.044674612579341078e-01,3.811572102756566665e+02,3.446374468783904632e+01
1.804703933703155982e+01,4.065399854142685010e-01,2.044674612579341078e-01,2.210369267298229445e+01,7.157916452263529905e+00
1.281201498744840528e+01,4.065399854142685010e-01,2.044674612579341078e-01,5.920106710110138692e+02,6.990308061102574300e+01
1.239165136816607671e+01,4.065399854142685010e-01,2.044674612579341078e-01,2.257246669588262122e+01,1.509785426549068756e-02
1.606832126846602193e+01,4.065399854142685010e-01,2.044674612579341078e-01,4.342298509536525408e+00,2.913379836561309083e-02
1.387758674733746318e+02,4.065399854142685010e-01,2.044674612579341078e-01,5.108073876804530844e-01,1.364519305127782217e-02
9.688223001160103820e+00,4.065399854142685010e-01,2.044674612579341078e-01,3.780590174189679260e+02,8.709359554529875425e+00
1.168046008270982661e+01,4.065399854142685010e-01,2.044674612579341078e-01,3.947386007390960003e+02,3.110042590769509019e+01
8.489828293017048111e+00,4.065399854142685010e-01,2.044674612579341078e-01,8.272352114547343263e+02,5.408309272524466138e+00
8.721353077573548163e+00,4.065399854142685010e-01,2.044674612579341078e-01,8.284677198026112137e+02,1.399373176090659143e+01
2.273335305758509506e+01,4.065399854142685010e-01,2.044674612579341078e-01,1.519992743217065234e+00,2.525605899521141673e-01
1.421749568483092219e+01,4.065399854142685010e-01,2.044674612579341078e-01,7.421133821437836176e+00,2.084882370260172230e-02
9.839322092058248259e+00,4.065399854142685010e-01,2.044674612579341078e-01,1.939732547047649689e+02,1.830276639584810794e-01
8.476519386576486070e+00,4.065399854142685010e-01,2.044674612579341078e-01,7.505471930814386496e+02,5.093711747636544551e+00
1.250451619981192231e+01,4.065399854142685010e-01,2.044674612579341078e-01,1.230696660793047137e+01,2.999142781805289593e-01
1.734324588750202878e+01,4.065399854142685010e-01,2.044674612579341078e-01,1.777654556204991820e+02,4.785106258888221475e+01
1.268443446308287115e+01,4.065399854142685010e-01,2.044674612579341078e-01,1.671200285265848606e+01,4.756199662768481606e-02
1.273923693781345534e+01,4.065399854142685010e-01,2.044674612579341078e-01,1.680277384455053991e+01,2.912912307965532036e-02
1.113434341470896882e+01,4.065399854142685010e-01,2.044674612579341078e-01,5.781102322553727646e+01,1.605504948810378973e-01
1.188899353796039549e+01,4.065399854142685010e-01,2.044674612579341078e-01,1.881510961019814943e+01,4.475153615036828181e-01
1.028540217633413967e+01,4.065399854142685010e-01,2.044674612579341078e-01,8.882669107979596390e+01,8.057948387488507169e-01
1.335347278731866538e+01,4.065399854142685010e-01,2.044674612579341078e-01,1.014956144303129548e+01,7.245655789905777744e-02
8.746076879374419022e+00,4.065399854142685010e-01,2.044674612579341078e-01,6.811653045195362211e+02,6.728784348493158651e-01
1.979505327405140491e+01,4.065399854142685010e-01,2.044674612579341078e-01,2.037639447034409024e+00,1.847326425090720925e-01
1.261894839819180092e+01,4.065399854142685010e-01,2.044674612579341078e-01,1.701246614707930860e+01,5.990003812178556347e-02
1.174663557496395327e+01,4.065399854142685010e-01,2.044674612579341078e-01,2.372328068132259205e+01,1.942393646805413487e+00
1.814914897532673521e+01,4.065399854142685010e-01,2.044674612579341078e-01,5.006814333319418608e+01,1.545712237399054167e+01
9.565974651140010110e+00,4.065399854142685010e-01,2.044674612579341078e-01,2.189799849958110940e+02,3.029823578744375231e-02
1.103036208892119419e+01,4.065399854142685010e-01,2.044674612579341078e-01,7.264308253536515281e+01,1.264218550226878408e-02
3.888852026550893015e+01,4.065399854142685010e-01,2.044674612579341078e-01,1.015449553893310375e+00,4.498808936713924456e-02
1.154597052105259003e+01,4.065399854142685010e-01,2.044674612579341078e-01,1.110549771187591972e+02,5.369391972541063929e+00
1.532275182088242715e+01,4.065399854142685010e-01,2.044674612579341078e-01,3.973148452038526734e+00,2.413583331291338785e-01
1.204518430346387348e+01,4.065399854142685010e-01,2.044674612579341078e-01,7.654503742063311620e+02,7.033390858558803416e+01
1.385753979216631393e+01,4.065399854142685010e-01,2.044674612579341078e-01,8.815115034275972761e+00,1.457846761243997320e-02
1.278596171503255441e+01,4.065399854142685010e-01,2.044674612579341078e-01,2.359280078217153402e+02,2.805834014139903942e+01
1.159378296317473911e+01,4.065399854142685010e-01,2.044674612579341078e-01,9.703936711787871445e+02,7.203094116978790851e+01
1.233243700071801641e+01,4.065399854142685010e-01,2.044674612579341078e-01,5.529203316105657677e+02,5.655135846478197692e+01
2.026864592417922140e+01,4.065399854142685010e-01,2.044674612579341078e-01,1.847144796941369238e+00,5.071320074183790494e-01
1.286418410068621831e+01,4.065399854142685010e-01,2.044674612579341078e-01,1.590197513113521310e+01,1.865698145209887179e-02
1.024841806121390597e+01,4.065399854142685010e-01,2.044674612579341078e-01,1.102174988307893244e+02,2.473785324922849416e+00
8.595044147122228750e+00,4.065399854142685010e-01,2.044674612579341078e-01,4.685178704181193439e+02,2.222878502059442637e-02
4.317517561179881369e+01,4.065399854142685010e-01,2.044674612579341078e-01,8.538542873132184408e-01,1.966525960165771691e-01
9.773925752174982051e+00,4.065399854142685010e-01,2.044674612579341078e-01,5.646459449890145379e+02,1.378474935769897414e+01
1.159551548287164024e+01,4.065399854142685010e-01,2.044674612579341078e-01,2.491603070658665331e+01,1.140394021420805482e+00
1.176604329669675053e+01,4.065399854142685010e-01,2.044674612579341078e-01,9.224839448217455811e+02,7.488278915534306179e+01
9.813388110473363568e+00,4.065399854142685010e-01,2.044674612579341078e-01,3.497120737171218821e+02,1.622712063653254155e+00
